,Epochs,MAE,STD
7,50.0,2.9787635803222656,0.0436498299241066
8,100.0,2.9603347778320312,0.0446515902876853
9,150.0,2.916522979736328,0.051984429359436
10,200.0,2.966278076171875,0.0850804522633552
11,250.0,2.9350686073303223,0.0450057238340377
12,300.0,2.8850302696228027,0.0689288303256034
13,350.0,2.8729372024536133,0.1136896833777427
14,400.0,2.936102390289306,0.0892290845513343
15,450.0,2.9082207679748535,0.1605987250804901
16,500.0,2.928307056427002,0.0601209625601768
