,Model Type,Epochs,Batch Size,Mean MAE,STD MAE
0,Synthetic LSTM,50,128,3.0134485,0.08714017
1,Synthetic LSTM,50,8,3.0186259746551514,0.08510644733905792
2,Synthetic LSTM,500,128,2.9039876,0.1148984
3,Observational LSTM,50,128,3.6673431,1.2882292
4,Observational LSTM,50,8,3.1512973,0.1721991
5,Observational LSTM,500,128,4.574448,3.5773005
